id,name,surname,sex,age
1,MOHAMMED,ROCKWOOD,1,50
2,GOLDA,POSTIER,0,55
3,JED,ELLCESSOR,1,76
4,JENNINE,SARTELL,0,40
5,ADALINE,BONDRE,0,18
6,BLANCHE,PAVLICH,0,32
7,ANDERSON,SCIRCLE,1,40
8,TYISHA,LUC,0,68
9,LEWIS,OPPELT,1,36
10,LEVI,SICHEL,1,87
11,EILEEN,KURPINSKI,0,80
12,SHERA,NYBO,0,24
13,KELSIE,HEIMS,0,36
14,EMMETT,CHANDRONNAIT,1,76
15,HEATH,JESWALD,1,20
16,CHASITY,SATTER,0,55
17,PARIS,DUARTE,0,78
18,TOBY,MADRIL,1,91
19,DANILLE,FOK,0,60
20,ABRAHAM,PFLEUGER,1,85
21,JANEY,ELTZROTH,0,68
22,MALCOM,ISLEIB,1,58
23,ZANE,MCCOLLISTER,1,36
24,LON,PETRINA,1,36
25,BONNY,SACHES,0,83
26,DAPHNE,OKUHARA,0,83
27,MOLLIE,WAYLAND,0,56
28,PATSY,PERCIBALLI,0,76
29,NOLA,MIYOSHI,0,69
30,BLAIR,PERFECT,1,85
31,LUCINA,LUDEMAN,0,68
32,ELIANA,ROBERG,0,39
33,MARGARETT,MCKENTY,0,50
34,HOLLY,TELCHIK,0,57
35,CLORA,KLUSSMANN,0,84
36,MILAGRO,RABENA,0,42
37,VALENTIN,ROIG,1,74
38,DALE,EASKER,1,84
39,SHONDRA,SHONTS,0,75
40,JEFF,KUSHIN,1,98
41,LAUREN,ACHORD,1,89
42,KEIRA,FALERO,0,78
43,KYLE,RINEY,1,53
44,OLIN,WILISON,1,37
45,VERONICA,SANDEEN,0,87
46,KASEY,HAUGHNEY,1,88
47,CLAYTON,BUPP,1,59
48,VIVIANA,GOW,0,43
49,MCKINLEY,DURRE,1,88
50,DEON,TIGGS,1,40
51,EMERSON,LAAKE,1,53
52,DOMINIQUE,ROUT,1,59
53,ALDO,LEISER,1,52
54,JERLENE,DENIKEN,0,40
55,DAHLIA,SLOVACEK,0,69
56,GRAHAM,BRINKHAUS,1,37
57,TOBY,LENOCH,1,62
58,TRACY,RIPPLE,1,23
59,OLEN,DAHLEN,1,85
60,ROMA,JASMANN,0,24
61,DESMOND,DIMOCK,1,48
62,DARREL,ACORD,1,30
63,ELLIOT,LUCO,1,79
64,RUDY,WICHMAN,1,56
65,LADONNA,CROSLAND,0,24
66,MIQUEL,HEISING,1,19
67,HANH,CLEMON,0,92
68,CARLEEN,TOCHER,0,78
69,DEBRA,GREENLAND,0,33
70,ISABELL,BREAZEALE,0,34
71,DELCIE,GEEL,0,29
72,RUSTY,PINCHOCK,1,20
73,LUIS,LAMOREAU,1,96
74,BRETT,CUPSTID,1,34
75,DALTON,MORRING,1,97
76,OLIVIA,LABAUVE,0,52
77,RICHIE,LEVENHAGEN,1,42
78,LOUIE,DUGAS,0,19
79,SHIRLY,KRISTEK,0,59
80,SILAS,MAGLIO,1,46
81,JERE,PHONG,1,69
82,KRISSY,ZAHNKE,0,73
83,BRYCE,BALISTRIERI,1,79
84,CARLOTTA,ORES,0,44
85,LEMUEL,BERSTEIN,1,64
86,BURT,ROTENBERRY,1,26
87,PALMER,DENBURGER,1,61
88,JERROD,KROB,1,38
89,JO,HEFFRON,0,90
90,HOLLIS,LEITH,1,96
91,LILLIANA,ENOCKSON,0,24
92,KRIS,KUTCHIN,1,77
93,LOREN,KAPOI,1,32
94,FRANCISCO,RAITT,1,65
95,MARLENE,MCCLAMMA,0,86
96,ALVARO,COVEN,1,73
97,NICKOLE,SULZEN,0,68
98,EARLENE,SALIN,0,75
99,HUEY,REISS,1,74
100,MAHALIA,DISPONETTE,0,33
101,SUNG,NODINE,1,23
102,BRANDON,LAIRMORE,1,49
103,CARMINE,MIRSKY,1,22
104,ANNICE,SCHLOTZHAUER,0,38
105,EVERETTE,VEITCH,1,23
106,FRANCENE,LERRA,0,81
107,MAMMIE,DEWS,0,95
108,JEANETTE,HAYDEN,0,67
109,OTTO,POTEAT,1,82
110,BLAIR,PORTNOFF,1,55
111,MARVA,PSUIK,0,68
112,SHANITA,CARRON,0,24
113,ZINA,BATTIEST,0,75
114,HARLAND,ROTSTEIN,1,46
115,LARISSA,SMETANA,0,24
116,HOSEA,STROBL,1,36
117,SAMMIE,CONKLING,1,33
118,SANDEE,WHARTON,0,34
119,CLAUDIO,ZABLE,1,22
120,KIMBERLEE,BOYCE,0,24
121,JEANETT,LUCCOUS,0,27
122,RONNIE,GILMORE,0,34
123,DEON,VOTH,1,33
124,THEO,DENETCLAW,1,73
125,DARRON,CARLIN,1,69
126,LEONARD,STROHECKER,1,21
127,LUELLA,NADLER,0,28
128,MOHAMED,WOMBOLT,1,19
129,BERNARDINA,GERO,0,93
130,ERICH,PROFFER,1,66
131,GLENNA,KALETA,0,21
132,HORTENCIA,CELENZA,0,75
133,OLA,GLOFF,0,46
134,IVAN,KRENN,1,33
135,FRANCESCO,TRETINA,1,25
136,LAZARO,DUBBERT,1,22
137,SUDIE,MESSMORE,0,40
138,ROGER,GOODWYN,1,48
139,DENVER,MARCANTEL,1,55
140,LETITIA,ARTHUR,0,84
141,GINO,RUTHERFORD,1,47
142,DWAYNE,TAMERON,1,72
143,SYBLE,AMOTT,0,78
144,TARI,NUNMAKER,0,32
145,JERALD,SNIPE,1,67
146,BIRGIT,SISLEY,0,28
147,STEVE,SUKUT,1,90
148,AYAKO,RATTANA,0,55
149,MARGENE,PLAYL,0,20
150,LAVONA,FRANTUM,0,41
151,MARISSA,HULBURT,0,44
152,GERALDO,ZILLIOX,1,32
153,TOD,DEPEYSTER,1,73
154,MARCELLUS,GWALTNEY,1,76
155,MARCELINO,SILVERI,1,36
156,TENISHA,LIMAURO,0,35
157,JEROLD,SAUREY,1,92
158,DALLAS,SOLAND,1,38
159,ALVARO,DUSING,1,33
160,BRANT,BRECEDA,1,91
161,SASHA,JUBERT,0,20
162,ARMAND,LLAMS,1,21
163,RUFUS,DINGSON,1,44
164,NEDA,HUMPHRYS,0,26
165,SHERRI,VANDUSER,0,90
166,AUNDREA,WHEDON,0,44
167,JESUSITA,FRIEDLANDER,0,88
168,ALMEDA,BORNMAN,0,80
169,HANA,BOGE,0,60
170,QUINN,GALLENO,1,64
171,DANIAL,VARNELL,1,55
172,LORENA,GERSTENBERGER,0,20
173,NIGEL,CLEARO,1,59
174,JULIAN,LUCCHESE,1,98
175,ROSS,GURLEY,1,20
176,HUE,FREED,0,31
177,DION,JENNER,1,40
178,GEORGANN,KORENEK,0,51
179,CLIFFORD,REDNOUR,1,87
180,UNA,ROTHCHILD,0,21
181,TRISTA,COUTS,0,99
182,MITCHELL,BURMASTER,0,88
183,RUBIN,RIDGES,1,54
184,DAVID,CASTEEL,0,89
185,MARLENA,HEARE,0,73
186,DANAE,TROBRIDGE,0,28
187,KIP,SESSIONS,1,92
188,APRIL,AKAWANZIE,0,84
189,TERESA,WIKERT,0,52
190,CRYSTA,KUNTZMAN,0,51
191,LATOYA,AIHARA,0,81
192,KENTON,SANTULLI,1,73
193,PALMA,HUBERT,0,79
194,TINA,GRIZZEL,0,77
195,ELWOOD,DEUSCHEL,1,94
196,BRUCE,HEARING,1,62
197,RAMONITA,LOURIA,0,22
198,BERTHA,BULLOCK,0,74
199,JOANA,SLOWN,0,20
200,ROY,GROSSACK,1,22
201,LOGAN,CRUMPTON,0,43
202,LUCIANO,KEEN,1,38
203,BUDDY,ASSAF,1,44
204,JOHNNIE,BRATHWAITE,1,44
205,HARLEY,WYZE,1,78
206,KEVA,YEAKLEY,0,60
207,BEN,ACHILLE,1,98
208,RICO,KADAR,1,44
209,EARLEEN,GUNKELMAN,0,88
210,ODIS,BRAZLER,1,35
211,EVAN,LACAZE,1,58
212,ADELL,BETTHAUSER,0,57
213,WALKER,WOLSLEGEL,1,91
214,JORDAN,STEFFENS,1,69
215,KARINA,HETHERMAN,0,75
216,REGGIE,HAVICE,1,85
217,SEBASTIAN,DYESS,1,82
218,RHETT,KROPIDLOWSKI,1,63
219,ASSUNTA,CARON,0,37
220,RAEANN,BUMPUS,0,53
221,AMIE,STAVRIDES,0,68
222,YVETTE,DAMERON,0,43
223,CASSEY,CHERVIN,0,32
224,VALERIE,STAMPE,0,85
225,JEROMY,WOLFENBARGER,1,60
226,SOL,COBERLY,0,92
227,JACQUELIN,BOLTINGHOUSE,0,20
228,DAN,WIEBERS,1,43
229,JOHNNY,ZINGONE,0,74
230,SOO,VALENTIN,0,96
231,FRIEDA,BEYRER,0,65
232,ALFONZO,OLEA,1,56
233,ADOLFO,BRUECKNER,1,76
234,OLENE,LEFFERT,0,57
235,ARNOLDO,PECINA,1,74
236,MOISES,BOBLETT,1,33
237,RUFUS,YERICO,1,75
238,KRISTIN,BARTNETT,0,42
239,STERLING,VANZANTE,1,81
240,CLARETTA,RINIKER,0,85
241,LENITA,PIEDRA,0,71
242,CLINT,LASSERE,1,75
243,MAC,GARLING,1,29
244,ALLEN,MACASKILL,0,69
245,JEFFREY,GAMBA,1,65
246,RUSTY,ZIEBART,1,33
247,IRMA,GRIFFETH,0,95
248,JACKELYN,LEVIEN,0,74
249,DALLAS,ELLINGHUYSEN,1,39
250,OSCAR,SILVERSMITH,0,62
251,RANDY,GIDDINGS,1,59
252,JACKSON,FILIPPELLI,1,20
253,RICARDO,INKLEBARGER,1,24
254,LURLINE,VIXAYACK,0,62
255,ERNESTO,BENITZ,1,70
256,WADE,STROTZ,1,25
257,GIOVANNI,SANGHA,1,64
258,THEODORE,DURIGA,1,22
259,JENISE,VERCH,0,69
260,GAYE,HUSKI,0,93
261,MAISIE,GARLITZ,0,30
262,NEIL,GREFRATH,1,52
263,ALINE,MCKENNEY,0,51
264,DARRON,WILDENTHALER,1,46
265,SHARRON,HELINE,0,60
266,ORA,RASPBERRY,0,66
267,KATHERIN,FAULISI,0,64
268,ROBERTO,FRIESENHAHN,1,35
269,CHANG,MITCHINER,0,42
270,RASHAD,PAINTER,1,67
271,DACIA,COGGAN,0,91
272,ENID,BLUST,0,30
273,ANITRA,LANDS,0,50
274,DONELLA,CHEVES,0,83
275,ISAAC,GUZALAK,1,19
276,GIL,ANNING,1,97
277,CHLOE,LOETZ,0,27
278,CATALINA,PAPA,0,21
279,TRAVIS,APALATEGUI,1,42
280,FLAVIA,SWILLER,0,33
281,WILLY,SENN,1,39
282,STANLEY,DILLENBURG,1,41
283,SCOTT,MURTY,1,60
284,SIBYL,TOYA,0,42
285,CRISTOBAL,SCHMALZRIED,1,93
286,PARIS,MOTTILLO,1,19
287,MAURICE,KAN,1,31
288,MARIO,CERAOS,1,25
289,JONAH,DEUS,1,41
290,LINDSEY,LITVIN,0,63
291,SIGRID,GEDERMAN,0,80
292,LURLENE,PHANOR,0,51
293,VAL,RUZBASAN,1,90
294,KARMA,WIELOCH,0,22
295,BRITTANI,SAVINAR,0,26
296,ARETHA,FURMANIK,0,84
297,TAMATHA,JOHANNESSEN,0,73
298,LESLEY,SIEGEL,1,62
299,REINALDO,MEGAHAN,1,70
300,ANDREA,EWER,1,94
301,EDMOND,HAINLEY,1,36
302,JASON,BAGNOLI,1,73
303,MINH,MANDICH,0,24
304,CHANTE,ZAPPAVIGNA,0,80
305,SYDNEY,TORELLO,1,81
306,AVELINA,RYMER,0,30
307,RUBIN,RUARK,1,73
308,CARLENE,MONDESIR,0,98
309,TAMBRA,IACOBELLI,0,52
310,KARL,SARNOSKY,1,77
311,JULIETTE,LEATHAM,0,24
312,TREY,BENING,1,40
313,MARGARITE,LOSHBAUGH,0,56
314,HILDA,CAPOTE,0,32
315,CESAR,LEAHMAN,1,19
316,ERNIE,ANDRICH,1,70
317,HORACE,KROGMAN,1,47
318,PALMA,HOFFPAUIR,0,80
319,FREDDIE,GURTNER,1,52
320,EUGENIO,HONAHNIE,1,26
321,GARRET,CRAPO,1,88
322,NEWTON,ECKSTROM,1,83
323,GEMA,FALSO,0,29
324,GLYNDA,MCGLONE,0,90
325,MARYLAND,CREEKMORE,0,97
326,SANDY,CHOUDHARY,1,86
327,BRAIN,BRUEGGER,1,99
328,BEN,PAPIK,1,35
329,BRADFORD,RIGGINS,1,19
330,JESSI,DAVISSON,0,63
331,JUDE,LIVINGTON,1,91
332,HILARIO,CACCAMO,1,95
333,DENNIS,TALAGA,1,74
334,RUSSEL,BULLIS,1,65
335,BRIGITTE,SOUFFRANT,0,43
336,KRAIG,KOSTICK,1,99
337,CURTIS,PINNER,1,35
338,WALTER,BELTRAM,1,38
339,RAFAEL,SOBER,1,68
340,CLIFTON,ANDREASON,1,87
341,SHANDA,PRAG,0,99
342,JONATHON,REMLINGER,1,42
343,ALEX,HEKTNER,1,99
344,RICK,URSO,1,65
345,ISABELLA,LATULIPE,0,88
346,HUGO,LASK,1,56
347,DOLORIS,SHIELS,0,52
348,DONNY,RUBAL,1,55
349,DELISA,BAIERL,0,65
350,TABATHA,CAHN,0,91
351,ALLAN,HASELHORST,1,25
352,MING,NOVIELLI,0,24
353,DAYSI,BERSAMIN,0,30
354,DENIS,BONNEAU,1,61
355,KRIS,STABELL,1,85
356,ADRIAN,CANNATELLA,1,46
357,GRAHAM,TRILLING,1,23
358,MARVIS,TRASHER,0,47
359,JULES,HOISL,1,59
360,WHITNEY,MAYDEN,1,75
361,LORETTA,LUNDGREEN,0,33
362,ODIS,FRATTALI,1,95
363,JAMIE,FRYE,1,53
364,SUELLEN,MAZZONI,0,45
365,JOELLEN,DEBROT,0,48
366,KEN,LAUNDREE,1,43
367,TOBY,VEASEY,1,41
368,KELVIN,PROUTY,1,35
369,VERNIA,KHALECK,0,83
370,CODY,BLASZAK,1,91
371,MATHILDA,ANDUEZA,0,36
372,NELLY,MRAZEK,0,52
373,MIREYA,PFALZGRAF,0,97
374,SIXTA,SWANSTON,0,24
375,CLAY,GUNDRY,1,61
376,BARNEY,STGERARD,1,32
377,SOON,SMACK,0,81
378,YOLANDE,CORELLA,0,43
379,REBEKAH,HAGEMANN,0,80
380,PARKER,CALDEIRA,1,70
381,LYNNE,NEWSUM,0,85
382,QUENTIN,SYBERT,1,95
383,VERNELL,REDDOUT,0,40
384,ARNOLDO,PATAO,1,90
385,ALETHEA,ZALK,0,88
386,THADDEUS,TULLIS,1,41
387,GERTRUDIS,KOPIS,0,41
388,THOMASINA,ROESSER,0,81
389,LIN,PASCULLI,0,69
390,ANTON,HENNICK,1,68
391,MARIS,ZOLLA,0,72
392,DAMON,HAISLIP,1,18
393,IVAN,WHITEAKER,1,86
394,CATHI,NILMEIER,0,37
395,MARILOU,OPELL,0,62
396,CORINNA,PANARO,0,35
397,MARION,MATHEU,1,72
398,LOUELLA,SCHIERBROCK,0,40
399,FLOR,LEUBNER,0,98
400,KAYE,LASSESON,0,35
401,ALFREDO,DLUGOS,1,71
402,DYLAN,DESTIME,1,90
403,YUETTE,TREMBINSKI,0,91
404,REMEDIOS,TROISE,0,49
405,BEATRIS,FINKE,0,53
406,ELENORA,TURCHI,0,63
407,DESIREE,BYOD,0,74
408,ALANA,FEINBLATT,0,61
409,LAKITA,SOUTHERLAND,0,41
410,ALENE,MAYHORN,0,97
411,SHERRIE,SWINSON,0,95
412,LORE,BAZATA,0,43
413,SOLOMON,BASILIO,1,79
414,LAURINDA,FYFFE,0,43
415,SANTIAGO,SHOLLENBERGER,1,42
416,ABBY,CRAVY,0,94
417,ANNABEL,KOROL,0,87
418,GABRIELLA,FINCO,0,43
419,NICKI,VARANESE,0,74
420,CHING,SUTHERLAND,0,52
421,ELIZABETH,MAJAMAY,0,38
422,JIMMIE,SUEHS,1,27
423,FALLON,KELLOW,0,91
424,NIKOLE,BEHRENS,0,68
425,SCOTTIE,ZEPHYR,1,23
426,FREDDY,QUALHEIM,1,63
427,GEOFFREY,SIELER,1,22
428,SALVADOR,DETTY,1,76
429,MERNA,BERESIK,0,31
430,JOHNATHON,BOXWELL,1,85
431,ELAYNE,DIDONATO,0,63
432,ELIA,RAUM,0,93
433,MAN,KERVIN,1,45
434,CHUCK,SCHILKE,1,90
435,ELIDIA,MCMORROW,0,53
436,WILTON,MENAPACE,1,75
437,KAITLIN,OPIELSKI,0,93
438,NORMAND,MAYMON,1,64
439,JEROME,BUSENBARK,1,90
440,TIFFANI,HABERLE,0,76
441,EUGENIO,VANDEBRAKE,1,78
442,MARYLYNN,IOSSA,0,43
443,CONRAD,MONTEROS,1,30
444,KRISHNA,AVISON,0,85
445,DANA,ARCANO,1,22
446,ARLEN,MCCLEVELAND,1,22
447,ELFREDA,CADY,0,73
448,SCOTT,MARSEILLE,1,88
449,FELICIDAD,STEINLICHT,0,86
450,HOLLIS,LASKOWSKI,1,59
451,KENNETH,MUTOLO,1,50
452,PATRICK,MURATORE,1,48
453,DEMETRICE,BRAYBOY,0,48
454,CECIL,FALGOUST,1,35
455,RONI,FLENORY,0,29
456,NICOL,CANPOS,0,24
457,ALFONSO,KIELAR,1,31
458,MAY,YONTS,0,34
459,ANTON,STEPLER,1,97
460,TANEKA,STIEBER,0,18
461,TRAVIS,GATTUSO,1,47
462,DINORAH,OSAKI,0,39
463,LORE,MOEDER,0,52
464,ZACHARY,NEKOLA,1,37
465,FREDRIC,ALEJANDRO,1,72
466,DEMETRIUS,DAUB,0,68
467,NORMAN,PISHNER,1,76
468,EZRA,SHAGGY,1,40
469,MIKA,BENNETTS,0,37
470,OLEVIA,AMMIRATI,0,86
471,LYNWOOD,MICHAELIS,1,28
472,KEVEN,MOEHLMAN,1,90
473,LEILANI,HEGSTAD,0,63
474,REFUGIO,CORDY,1,61
475,HYMAN,WOFFORD,1,65
476,MABELLE,LINTZ,0,19
477,HALLEY,WEEKLY,0,40
478,DAMIAN,HATADA,1,94
479,STEPHINE,BESSEMER,0,44
480,GARY,DEROSE,1,69
481,BENNETT,HARTENSTEIN,1,38
482,HUGH,PULLAN,1,82
483,JOSE,HAUGEN,0,79
484,VERA,SECONDO,0,48
485,CLEMENTINA,GALFORD,0,32
486,NICOLETTE,CUTTEN,0,70
487,JACK,PRIESMEYER,1,27
488,WILHEMINA,SCHLESNER,0,66
489,THELMA,AREBALO,0,57
490,MARSHA,STARTT,0,59
491,FRED,FERIS,1,33
492,GEORGENE,ULICH,0,76
493,TOBY,HOUSEWRIGHT,1,70
494,NEOMI,MCILWAINE,0,88
495,RANEE,BODELSON,0,72
496,SHARIKA,BALCOS,0,37
497,NICOLAS,BREND,1,77
498,MARCO,FJESETH,1,44
499,LEA,COSTANTINI,0,64
500,TOMMY,JANUSZ,1,94
